frame_name,label,class_id,x_center,y_center,width,height
frame_000000.jpg,resting,0,0.533101,0.69752,0.709477,0.535356
frame_000001.jpg,resting,0,0.532979,0.697747,0.709232,0.534901
frame_000002.jpg,resting,0,0.532851,0.697984,0.708976,0.534427
frame_000003.jpg,resting,0,0.532728,0.698211,0.708731,0.533972
frame_000004.jpg,resting,0,0.5326,0.698449,0.708474,0.533498
frame_000005.jpg,resting,0,0.532478,0.698676,0.708229,0.533043
frame_000006.jpg,resting,0,0.53235,0.698913,0.707973,0.532569
frame_000007.jpg,resting,0,0.532227,0.69914,0.707728,0.532115
frame_000008.jpg,resting,0,0.532099,0.699377,0.707472,0.53164
frame_000009.jpg,resting,0,0.531977,0.699605,0.707227,0.531186
frame_000010.jpg,resting,0,0.531849,0.699842,0.706971,0.530711
frame_000011.jpg,resting,0,0.531726,0.700069,0.706726,0.530257
frame_000012.jpg,resting,0,0.531598,0.700306,0.70647,0.529783
frame_000013.jpg,resting,0,0.531476,0.700534,0.706225,0.529328
frame_000014.jpg,resting,0,0.531347,0.700771,0.705969,0.528854
frame_000015.jpg,resting,0,0.531225,0.700998,0.705724,0.528399
frame_000016.jpg,resting,0,0.531097,0.701235,0.705468,0.527925
frame_000017.jpg,resting,0,0.530974,0.701462,0.705223,0.52747
frame_000018.jpg,resting,0,0.530846,0.7017,0.704967,0.526996
frame_000019.jpg,resting,0,0.530724,0.701927,0.704722,0.526542
frame_000020.jpg,resting,0,0.530596,0.702164,0.704465,0.526067
frame_000021.jpg,resting,0,0.530468,0.702391,0.704209,0.525613
frame_000022.jpg,resting,0,0.530345,0.702628,0.703964,0.525138
frame_000023.jpg,resting,0,0.530217,0.702856,0.703708,0.524684
frame_000024.jpg,resting,0,0.530095,0.703093,0.703463,0.524209
frame_000025.jpg,resting,0,0.529967,0.70332,0.703207,0.523755
frame_000026.jpg,resting,0,0.529844,0.703557,0.702962,0.523281
frame_000027.jpg,resting,0,0.529716,0.703785,0.702706,0.522826
frame_000028.jpg,resting,0,0.529594,0.704022,0.702461,0.522352
frame_000029.jpg,resting,0,0.529465,0.704249,0.702205,0.521897
frame_000030.jpg,resting,0,0.529343,0.704486,0.70196,0.521423
frame_000031.jpg,resting,0,0.529215,0.704713,0.701704,0.520968
frame_000032.jpg,resting,0,0.529092,0.704951,0.701459,0.520494
frame_000033.jpg,resting,0,0.528964,0.705178,0.701203,0.52004
frame_000034.jpg,resting,0,0.528842,0.705415,0.700958,0.519565
frame_000035.jpg,resting,0,0.528714,0.705642,0.700702,0.519111
frame_000036.jpg,resting,0,0.528591,0.705879,0.700457,0.518636
frame_000037.jpg,resting,0,0.528463,0.706107,0.7002,0.518182
frame_000038.jpg,resting,0,0.528341,0.706344,0.699955,0.517708
frame_000039.jpg,resting,0,0.528213,0.706571,0.699699,0.517253
frame_000040.jpg,resting,0,0.52809,0.706808,0.699454,0.516779
frame_000041.jpg,resting,0,0.527962,0.707036,0.699198,0.516324
frame_000042.jpg,resting,0,0.52784,0.707273,0.698953,0.51585
frame_000043.jpg,resting,0,0.527712,0.7075,0.698697,0.515395
frame_000044.jpg,resting,0,0.527589,0.707737,0.698452,0.514921
frame_000045.jpg,resting,0,0.527461,0.707964,0.698196,0.514466
frame_000046.jpg,resting,0,0.527339,0.708202,0.697951,0.513992
frame_000047.jpg,resting,0,0.52721,0.708429,0.697695,0.513538
frame_000048.jpg,resting,0,0.527088,0.708666,0.69745,0.513063
frame_000049.jpg,resting,0,0.52696,0.708893,0.697194,0.512609
frame_000050.jpg,resting,0,0.526837,0.70913,0.696949,0.512134
frame_000051.jpg,resting,0,0.526709,0.709358,0.696693,0.51168
frame_000052.jpg,resting,0,0.526587,0.709595,0.696448,0.511206
frame_000053.jpg,resting,0,0.526459,0.709822,0.696192,0.510751
frame_000054.jpg,resting,0,0.526336,0.710059,0.695947,0.510277
frame_000055.jpg,resting,0,0.526208,0.710287,0.69569,0.509822
frame_000056.jpg,resting,0,0.526086,0.710524,0.695445,0.509348
frame_000057.jpg,resting,0,0.525958,0.710751,0.695189,0.508893
frame_000058.jpg,resting,0,0.525835,0.710988,0.694944,0.508419
frame_000059.jpg,resting,0,0.525707,0.711215,0.694688,0.507964
frame_000060.jpg,resting,0,0.525585,0.711453,0.694443,0.50749
frame_000061.jpg,resting,0,0.525457,0.71168,0.694187,0.507036
frame_000062.jpg,resting,0,0.525334,0.711917,0.693942,0.506561
frame_000063.jpg,resting,0,0.525206,0.712144,0.693686,0.506107
frame_000064.jpg,resting,0,0.525206,0.712144,0.693686,0.506107
frame_000065.jpg,resting,0,0.525206,0.712144,0.693686,0.506107
frame_000066.jpg,resting,0,0.525206,0.712144,0.693686,0.506107
frame_000067.jpg,resting,0,0.525206,0.712144,0.693686,0.506107
frame_000068.jpg,resting,0,0.525206,0.712144,0.693686,0.506107
frame_000069.jpg,resting,0,0.525206,0.712144,0.693686,0.506107
frame_000070.jpg,resting,0,0.525206,0.712144,0.693686,0.506107
frame_000071.jpg,resting,0,0.525206,0.712144,0.693686,0.506107
frame_000072.jpg,resting,0,0.525206,0.712144,0.693686,0.506107
frame_000073.jpg,resting,0,0.525206,0.712144,0.693686,0.506107
frame_000074.jpg,resting,0,0.525206,0.712144,0.693686,0.506107
frame_000075.jpg,resting,0,0.525206,0.712144,0.693686,0.506107
frame_000076.jpg,resting,0,0.525206,0.712144,0.693686,0.506107
frame_000077.jpg,resting,0,0.525206,0.712144,0.693686,0.506107
frame_000078.jpg,resting,0,0.525206,0.712144,0.693686,0.506107
frame_000079.jpg,resting,0,0.525206,0.712144,0.693686,0.506107
frame_000080.jpg,resting,0,0.525206,0.712144,0.693686,0.506107
frame_000081.jpg,resting,0,0.525206,0.712144,0.693686,0.506107
frame_000082.jpg,resting,0,0.525206,0.712144,0.693686,0.506107
frame_000083.jpg,resting,0,0.525206,0.712144,0.693686,0.506107
frame_000084.jpg,resting,0,0.525206,0.712144,0.693686,0.506107
frame_000085.jpg,resting,0,0.525206,0.712144,0.693686,0.506107
frame_000086.jpg,resting,0,0.525206,0.712144,0.693686,0.506107
frame_000087.jpg,resting,0,0.525206,0.712144,0.693686,0.506107
frame_000088.jpg,resting,0,0.525206,0.712144,0.693686,0.506107
frame_000089.jpg,resting,0,0.525206,0.712144,0.693686,0.506107
frame_000090.jpg,resting,0,0.525206,0.712144,0.693686,0.506107
frame_000091.jpg,resting,0,0.525206,0.712144,0.693686,0.506107
frame_000092.jpg,resting,0,0.525206,0.712144,0.693686,0.506107
frame_000093.jpg,resting,0,0.525206,0.712144,0.693686,0.506107
frame_000094.jpg,resting,0,0.525206,0.712144,0.693686,0.506107
frame_000095.jpg,resting,0,0.525206,0.712144,0.693686,0.506107
frame_000096.jpg,resting,0,0.525206,0.712144,0.693686,0.506107
frame_000097.jpg,resting,0,0.525206,0.712144,0.693686,0.506107
frame_000098.jpg,resting,0,0.525206,0.712144,0.693686,0.506107
frame_000099.jpg,resting,0,0.525206,0.712144,0.693686,0.506107
frame_000100.jpg,resting,0,0.525206,0.712144,0.693686,0.506107
frame_000101.jpg,resting,0,0.525206,0.712144,0.693686,0.506107
frame_000102.jpg,resting,0,0.525206,0.712144,0.693686,0.506107
frame_000103.jpg,resting,0,0.525206,0.712144,0.693686,0.506107
frame_000104.jpg,resting,0,0.525206,0.712144,0.693686,0.506107
frame_000105.jpg,resting,0,0.525206,0.712144,0.693686,0.506107
frame_000106.jpg,resting,0,0.525206,0.712144,0.693686,0.506107
frame_000107.jpg,resting,0,0.525206,0.712144,0.693686,0.506107
frame_000108.jpg,resting,0,0.525206,0.712144,0.693686,0.506107
frame_000109.jpg,resting,0,0.525206,0.712144,0.693686,0.506107
frame_000110.jpg,resting,0,0.525206,0.712144,0.693686,0.506107
frame_000111.jpg,resting,0,0.525206,0.712144,0.693686,0.506107
frame_000112.jpg,resting,0,0.525206,0.712144,0.693686,0.506107
frame_000113.jpg,resting,0,0.525206,0.712144,0.693686,0.506107
frame_000114.jpg,resting,0,0.525206,0.712144,0.693686,0.506107
frame_000115.jpg,resting,0,0.525206,0.712144,0.693686,0.506107
frame_000116.jpg,resting,0,0.525206,0.712144,0.693686,0.506107
frame_000117.jpg,resting,0,0.525206,0.712144,0.693686,0.506107
frame_000118.jpg,resting,0,0.525206,0.712144,0.693686,0.506107
frame_000119.jpg,resting,0,0.525206,0.712144,0.693686,0.506107
frame_000120.jpg,resting,0,0.525206,0.712144,0.693686,0.506107
frame_000121.jpg,resting,0,0.525206,0.712144,0.693686,0.506107
frame_000122.jpg,resting,0,0.525206,0.712144,0.693686,0.506107
frame_000123.jpg,resting,0,0.525206,0.712144,0.693686,0.506107
frame_000124.jpg,resting,0,0.525206,0.712144,0.693686,0.506107
frame_000125.jpg,resting,0,0.525206,0.712144,0.693686,0.506107
frame_000126.jpg,resting,0,0.525206,0.712144,0.693686,0.506107
frame_000127.jpg,resting,0,0.525206,0.712144,0.693686,0.506107
frame_000128.jpg,resting,0,0.525206,0.712144,0.693686,0.506107
frame_000129.jpg,resting,0,0.525206,0.712144,0.693686,0.506107
frame_000130.jpg,resting,0,0.525206,0.712144,0.693686,0.506107
frame_000131.jpg,resting,0,0.525206,0.712144,0.693686,0.506107
frame_000132.jpg,resting,0,0.525206,0.712144,0.693686,0.506107
frame_000133.jpg,resting,0,0.525206,0.712144,0.693686,0.506107
frame_000134.jpg,resting,0,0.525206,0.712144,0.693686,0.506107
frame_000135.jpg,resting,0,0.525206,0.712144,0.693686,0.506107
frame_000136.jpg,resting,0,0.525206,0.712144,0.693686,0.506107
frame_000137.jpg,resting,0,0.525206,0.712144,0.693686,0.506107
frame_000138.jpg,resting,0,0.525206,0.712144,0.693686,0.506107
frame_000139.jpg,resting,0,0.525206,0.712144,0.693686,0.506107
frame_000140.jpg,resting,0,0.525206,0.712144,0.693686,0.506107
frame_000141.jpg,resting,0,0.525206,0.712144,0.693686,0.506107
frame_000142.jpg,resting,0,0.525206,0.712144,0.693686,0.506107
frame_000143.jpg,resting,0,0.525206,0.712144,0.693686,0.506107
frame_000144.jpg,resting,0,0.525206,0.712144,0.693686,0.506107
frame_000145.jpg,resting,0,0.525206,0.712144,0.693686,0.506107
frame_000146.jpg,resting,0,0.525206,0.712144,0.693686,0.506107
frame_000147.jpg,resting,0,0.525206,0.712144,0.693686,0.506107
frame_000148.jpg,resting,0,0.525206,0.712144,0.693686,0.506107
frame_000149.jpg,resting,0,0.525206,0.712144,0.693686,0.506107
frame_000150.jpg,resting,0,0.525206,0.712144,0.693686,0.506107
frame_000151.jpg,resting,0,0.525206,0.712144,0.693686,0.506107
frame_000152.jpg,resting,0,0.525206,0.712144,0.693686,0.506107
frame_000153.jpg,resting,0,0.525206,0.712144,0.693686,0.506107
frame_000154.jpg,resting,0,0.525206,0.712144,0.693686,0.506107
frame_000155.jpg,resting,0,0.525206,0.712144,0.693686,0.506107
frame_000156.jpg,resting,0,0.525206,0.712144,0.693686,0.506107
frame_000157.jpg,resting,0,0.525206,0.712144,0.693686,0.506107
frame_000158.jpg,resting,0,0.525206,0.712144,0.693686,0.506107
frame_000159.jpg,resting,0,0.525206,0.712144,0.693686,0.506107
frame_000160.jpg,resting,0,0.525206,0.712144,0.693686,0.506107
frame_000161.jpg,resting,0,0.525206,0.712144,0.693686,0.506107
frame_000162.jpg,resting,0,0.525206,0.712144,0.693686,0.506107
frame_000163.jpg,resting,0,0.525206,0.712144,0.693686,0.506107
frame_000164.jpg,resting,0,0.525206,0.712144,0.693686,0.506107
frame_000165.jpg,resting,0,0.525206,0.712144,0.693686,0.506107
frame_000166.jpg,resting,0,0.525206,0.712144,0.693686,0.506107
frame_000167.jpg,resting,0,0.525206,0.712144,0.693686,0.506107
frame_000168.jpg,resting,0,0.525206,0.712144,0.693686,0.506107
frame_000169.jpg,resting,0,0.525206,0.712144,0.693686,0.506107
frame_000170.jpg,resting,0,0.525206,0.712144,0.693686,0.506107
frame_000171.jpg,resting,0,0.525206,0.712144,0.693686,0.506107
frame_000172.jpg,resting,0,0.525206,0.712144,0.693686,0.506107
frame_000173.jpg,resting,0,0.525206,0.712144,0.693686,0.506107
frame_000174.jpg,resting,0,0.525206,0.712144,0.693686,0.506107
frame_000175.jpg,resting,0,0.525206,0.712144,0.693686,0.506107
frame_000176.jpg,resting,0,0.525206,0.712144,0.693686,0.506107
frame_000177.jpg,resting,0,0.525206,0.712144,0.693686,0.506107
frame_000178.jpg,resting,0,0.525206,0.712144,0.693686,0.506107
frame_000179.jpg,resting,0,0.525206,0.712144,0.693686,0.506107
frame_000180.jpg,resting,0,0.525206,0.712144,0.693686,0.506107
frame_000181.jpg,resting,0,0.525206,0.712144,0.693686,0.506107
frame_000182.jpg,resting,0,0.525206,0.712144,0.693686,0.506107
frame_000183.jpg,resting,0,0.525206,0.712144,0.693686,0.506107
frame_000184.jpg,resting,0,0.525206,0.712144,0.693686,0.506107
frame_000185.jpg,resting,0,0.525206,0.712144,0.693686,0.506107
frame_000186.jpg,resting,0,0.525206,0.712144,0.693686,0.506107
frame_000187.jpg,resting,0,0.525206,0.712144,0.693686,0.506107
frame_000188.jpg,resting,0,0.525206,0.712144,0.693686,0.506107
frame_000189.jpg,resting,0,0.525206,0.712144,0.693686,0.506107
frame_000190.jpg,resting,0,0.525206,0.712144,0.693686,0.506107
frame_000191.jpg,resting,0,0.525206,0.712144,0.693686,0.506107
frame_000192.jpg,resting,0,0.525206,0.712144,0.693686,0.506107
frame_000193.jpg,resting,0,0.525206,0.712144,0.693686,0.506107
frame_000194.jpg,resting,0,0.525206,0.712144,0.693686,0.506107
frame_000195.jpg,resting,0,0.525206,0.712144,0.693686,0.506107
frame_000196.jpg,resting,0,0.525206,0.712144,0.693686,0.506107
frame_000197.jpg,resting,0,0.525206,0.712144,0.693686,0.506107
frame_000198.jpg,resting,0,0.525206,0.712144,0.693686,0.506107
frame_000199.jpg,resting,0,0.525206,0.712144,0.693686,0.506107
frame_000200.jpg,resting,0,0.525206,0.712144,0.693686,0.506107
frame_000201.jpg,resting,0,0.525206,0.712144,0.693686,0.506107
frame_000202.jpg,resting,0,0.525206,0.712144,0.693686,0.506107
frame_000203.jpg,resting,0,0.525206,0.712144,0.693686,0.506107
frame_000204.jpg,resting,0,0.525206,0.712144,0.693686,0.506107
frame_000205.jpg,resting,0,0.525206,0.712144,0.693686,0.506107
frame_000206.jpg,resting,0,0.525206,0.712144,0.693686,0.506107
frame_000207.jpg,resting,0,0.525206,0.712144,0.693686,0.506107
frame_000208.jpg,resting,0,0.525206,0.712144,0.693686,0.506107
frame_000209.jpg,resting,0,0.525206,0.712144,0.693686,0.506107
frame_000210.jpg,resting,0,0.525206,0.712144,0.693686,0.506107
frame_000211.jpg,resting,0,0.525206,0.712144,0.693686,0.506107
frame_000212.jpg,resting,0,0.525206,0.712144,0.693686,0.506107
frame_000213.jpg,resting,0,0.525206,0.712144,0.693686,0.506107
frame_000214.jpg,resting,0,0.525206,0.712144,0.693686,0.506107
frame_000215.jpg,resting,0,0.525206,0.712144,0.693686,0.506107
frame_000216.jpg,resting,0,0.525206,0.712144,0.693686,0.506107
frame_000217.jpg,resting,0,0.525206,0.712144,0.693686,0.506107
frame_000218.jpg,resting,0,0.525206,0.712144,0.693686,0.506107
frame_000219.jpg,resting,0,0.525206,0.712144,0.693686,0.506107
frame_000220.jpg,resting,0,0.525206,0.712144,0.693686,0.506107
frame_000221.jpg,resting,0,0.525206,0.712144,0.693686,0.506107
frame_000222.jpg,resting,0,0.525206,0.712144,0.693686,0.506107
frame_000223.jpg,resting,0,0.525206,0.712144,0.693686,0.506107
frame_000224.jpg,resting,0,0.525206,0.712144,0.693686,0.506107
frame_000225.jpg,resting,0,0.525206,0.712144,0.693686,0.506107
frame_000226.jpg,resting,0,0.525206,0.712144,0.693686,0.506107
frame_000227.jpg,resting,0,0.525206,0.712144,0.693686,0.506107
frame_000228.jpg,resting,0,0.525206,0.712144,0.693686,0.506107
frame_000229.jpg,resting,0,0.525206,0.712144,0.693686,0.506107
frame_000230.jpg,resting,0,0.525206,0.712144,0.693686,0.506107
frame_000231.jpg,resting,0,0.525206,0.712144,0.693686,0.506107
frame_000232.jpg,resting,0,0.525206,0.712144,0.693686,0.506107
frame_000233.jpg,resting,0,0.525206,0.712144,0.693686,0.506107
frame_000234.jpg,resting,0,0.525206,0.712144,0.693686,0.506107
frame_000235.jpg,resting,0,0.525206,0.712144,0.693686,0.506107
frame_000236.jpg,resting,0,0.525206,0.712144,0.693686,0.506107
frame_000237.jpg,resting,0,0.525206,0.712144,0.693686,0.506107
frame_000238.jpg,resting,0,0.525206,0.712144,0.693686,0.506107
frame_000239.jpg,resting,0,0.525206,0.712144,0.693686,0.506107
frame_000240.jpg,resting,0,0.525206,0.712144,0.693686,0.506107
frame_000241.jpg,resting,0,0.525206,0.712144,0.693686,0.506107
frame_000242.jpg,resting,0,0.525206,0.712144,0.693686,0.506107
frame_000243.jpg,resting,0,0.525206,0.712144,0.693686,0.506107
frame_000244.jpg,resting,0,0.525206,0.712144,0.693686,0.506107
frame_000245.jpg,resting,0,0.525206,0.712144,0.693686,0.506107
frame_000246.jpg,resting,0,0.525206,0.712144,0.693686,0.506107
frame_000247.jpg,resting,0,0.525206,0.712144,0.693686,0.506107
frame_000248.jpg,resting,0,0.525206,0.712144,0.693686,0.506107
frame_000249.jpg,resting,0,0.525206,0.712144,0.693686,0.506107
frame_000250.jpg,resting,0,0.525206,0.712144,0.693686,0.506107
frame_000251.jpg,resting,0,0.525206,0.712144,0.693686,0.506107
frame_000252.jpg,resting,0,0.525206,0.712144,0.693686,0.506107
frame_000253.jpg,resting,0,0.525206,0.712144,0.693686,0.506107
frame_000254.jpg,resting,0,0.525206,0.712144,0.693686,0.506107
frame_000255.jpg,resting,0,0.525206,0.712144,0.693686,0.506107
frame_000256.jpg,resting,0,0.525206,0.712144,0.693686,0.506107
frame_000257.jpg,resting,0,0.525206,0.712144,0.693686,0.506107
frame_000258.jpg,resting,0,0.525206,0.712144,0.693686,0.506107
frame_000259.jpg,resting,0,0.525206,0.712144,0.693686,0.506107
frame_000260.jpg,resting,0,0.525206,0.712144,0.693686,0.506107
frame_000261.jpg,resting,0,0.525206,0.712144,0.693686,0.506107
frame_000262.jpg,resting,0,0.525206,0.712144,0.693686,0.506107
frame_000263.jpg,resting,0,0.525206,0.712144,0.693686,0.506107
frame_000264.jpg,resting,0,0.525206,0.712144,0.693686,0.506107
frame_000265.jpg,resting,0,0.525206,0.712144,0.693686,0.506107
frame_000266.jpg,resting,0,0.525206,0.712144,0.693686,0.506107
frame_000267.jpg,resting,0,0.525206,0.712144,0.693686,0.506107
frame_000268.jpg,resting,0,0.525206,0.712144,0.693686,0.506107
frame_000269.jpg,resting,0,0.525206,0.712144,0.693686,0.506107
frame_000270.jpg,resting,0,0.525206,0.712144,0.693686,0.506107
frame_000271.jpg,resting,0,0.525206,0.712144,0.693686,0.506107
frame_000272.jpg,resting,0,0.525206,0.712144,0.693686,0.506107
frame_000273.jpg,resting,0,0.525206,0.712144,0.693686,0.506107
frame_000274.jpg,resting,0,0.525206,0.712144,0.693686,0.506107
frame_000275.jpg,resting,0,0.525206,0.712144,0.693686,0.506107
frame_000276.jpg,resting,0,0.525206,0.712144,0.693686,0.506107
frame_000277.jpg,resting,0,0.525206,0.712144,0.693686,0.506107
frame_000278.jpg,resting,0,0.525206,0.712144,0.693686,0.506107
frame_000279.jpg,resting,0,0.525206,0.712144,0.693686,0.506107
frame_000280.jpg,resting,0,0.525206,0.712144,0.693686,0.506107
frame_000281.jpg,resting,0,0.525206,0.712144,0.693686,0.506107
frame_000282.jpg,resting,0,0.525206,0.712144,0.693686,0.506107
frame_000283.jpg,resting,0,0.525206,0.712144,0.693686,0.506107
frame_000284.jpg,resting,0,0.525206,0.712144,0.693686,0.506107
frame_000285.jpg,resting,0,0.525206,0.712144,0.693686,0.506107
frame_000286.jpg,resting,0,0.525206,0.712144,0.693686,0.506107
frame_000287.jpg,resting,0,0.525206,0.712144,0.693686,0.506107
frame_000288.jpg,resting,0,0.525206,0.712144,0.693686,0.506107
frame_000289.jpg,resting,0,0.525206,0.712144,0.693686,0.506107
frame_000290.jpg,resting,0,0.525206,0.712144,0.693686,0.506107
frame_000291.jpg,resting,0,0.525206,0.712144,0.693686,0.506107
frame_000292.jpg,resting,0,0.525206,0.712144,0.693686,0.506107
frame_000293.jpg,resting,0,0.525206,0.712144,0.693686,0.506107
frame_000294.jpg,resting,0,0.525206,0.712144,0.693686,0.506107
frame_000295.jpg,resting,0,0.525206,0.712144,0.693686,0.506107
frame_000296.jpg,resting,0,0.525206,0.712144,0.693686,0.506107
frame_000297.jpg,resting,0,0.525206,0.712144,0.693686,0.506107
frame_000298.jpg,resting,0,0.525206,0.712144,0.693686,0.506107
frame_000299.jpg,resting,0,0.525206,0.712144,0.693686,0.506107
frame_000300.jpg,resting,0,0.525206,0.712144,0.693686,0.506107
frame_000301.jpg,resting,0,0.525206,0.712144,0.693686,0.506107
frame_000302.jpg,resting,0,0.525206,0.712144,0.693686,0.506107
frame_000303.jpg,resting,0,0.525206,0.712144,0.693686,0.506107
frame_000304.jpg,resting,0,0.525206,0.712144,0.693686,0.506107
frame_000305.jpg,resting,0,0.525206,0.712144,0.693686,0.506107
frame_000306.jpg,resting,0,0.525206,0.712144,0.693686,0.506107
frame_000307.jpg,resting,0,0.525206,0.712144,0.693686,0.506107
frame_000308.jpg,resting,0,0.525206,0.712144,0.693686,0.506107
frame_000309.jpg,resting,0,0.525206,0.712144,0.693686,0.506107
frame_000310.jpg,resting,0,0.525206,0.712144,0.693686,0.506107
frame_000311.jpg,resting,0,0.525206,0.712144,0.693686,0.506107
frame_000312.jpg,resting,0,0.525206,0.712144,0.693686,0.506107
frame_000313.jpg,resting,0,0.525206,0.712144,0.693686,0.506107
frame_000314.jpg,resting,0,0.525206,0.712144,0.693686,0.506107
frame_000315.jpg,resting,0,0.525206,0.712144,0.693686,0.506107
frame_000316.jpg,resting,0,0.525206,0.712144,0.693686,0.506107
frame_000317.jpg,resting,0,0.525206,0.712144,0.693686,0.506107
frame_000318.jpg,resting,0,0.525206,0.712144,0.693686,0.506107
frame_000319.jpg,resting,0,0.525206,0.712144,0.693686,0.506107
frame_000320.jpg,resting,0,0.525206,0.712144,0.693686,0.506107
frame_000321.jpg,resting,0,0.525206,0.712144,0.693686,0.506107
frame_000322.jpg,resting,0,0.525206,0.712144,0.693686,0.506107
frame_000323.jpg,resting,0,0.525206,0.712144,0.693686,0.506107
frame_000324.jpg,resting,0,0.525206,0.712144,0.693686,0.506107
frame_000325.jpg,resting,0,0.525206,0.712144,0.693686,0.506107
frame_000326.jpg,resting,0,0.525206,0.712144,0.693686,0.506107
frame_000327.jpg,resting,0,0.525206,0.712144,0.693686,0.506107
frame_000328.jpg,resting,0,0.525206,0.712144,0.693686,0.506107
frame_000329.jpg,resting,0,0.525206,0.712144,0.693686,0.506107
frame_000330.jpg,resting,0,0.525206,0.712144,0.693686,0.506107
frame_000331.jpg,resting,0,0.525206,0.712144,0.693686,0.506107
frame_000332.jpg,resting,0,0.525206,0.712144,0.693686,0.506107
frame_000333.jpg,resting,0,0.525206,0.712144,0.693686,0.506107
frame_000334.jpg,resting,0,0.525206,0.712144,0.693686,0.506107
frame_000335.jpg,resting,0,0.525206,0.712144,0.693686,0.506107
frame_000336.jpg,resting,0,0.525206,0.712144,0.693686,0.506107
frame_000337.jpg,resting,0,0.525206,0.712144,0.693686,0.506107
frame_000338.jpg,resting,0,0.525206,0.712144,0.693686,0.506107
frame_000339.jpg,resting,0,0.525206,0.712144,0.693686,0.506107
frame_000340.jpg,resting,0,0.525206,0.712144,0.693686,0.506107
frame_000341.jpg,resting,0,0.525206,0.712144,0.693686,0.506107
frame_000342.jpg,resting,0,0.525206,0.712144,0.693686,0.506107
frame_000343.jpg,resting,0,0.525206,0.712144,0.693686,0.506107
frame_000344.jpg,resting,0,0.525206,0.712144,0.693686,0.506107
frame_000345.jpg,resting,0,0.525206,0.712144,0.693686,0.506107
frame_000346.jpg,resting,0,0.525206,0.712144,0.693686,0.506107
frame_000347.jpg,resting,0,0.525206,0.712144,0.693686,0.506107
frame_000348.jpg,resting,0,0.525206,0.712144,0.693686,0.506107
frame_000349.jpg,resting,0,0.525206,0.712144,0.693686,0.506107
frame_000350.jpg,resting,0,0.525206,0.712144,0.693686,0.506107
frame_000351.jpg,resting,0,0.525206,0.712144,0.693686,0.506107
frame_000352.jpg,resting,0,0.525206,0.712144,0.693686,0.506107
frame_000353.jpg,resting,0,0.525206,0.712144,0.693686,0.506107
frame_000354.jpg,resting,0,0.525206,0.712144,0.693686,0.506107
frame_000355.jpg,resting,0,0.525206,0.712144,0.693686,0.506107
frame_000356.jpg,resting,0,0.525206,0.712144,0.693686,0.506107
frame_000357.jpg,resting,0,0.525206,0.712144,0.693686,0.506107
frame_000358.jpg,resting,0,0.525206,0.712144,0.693686,0.506107
frame_000359.jpg,resting,0,0.525206,0.712144,0.693686,0.506107
frame_000360.jpg,resting,0,0.525206,0.712144,0.693686,0.506107
frame_000361.jpg,resting,0,0.525206,0.712144,0.693686,0.506107
frame_000362.jpg,resting,0,0.525206,0.712144,0.693686,0.506107
frame_000363.jpg,resting,0,0.525206,0.712144,0.693686,0.506107
frame_000364.jpg,resting,0,0.525206,0.712144,0.693686,0.506107
frame_000365.jpg,resting,0,0.525206,0.712144,0.693686,0.506107
frame_000366.jpg,resting,0,0.525206,0.712144,0.693686,0.506107
frame_000367.jpg,resting,0,0.525206,0.712144,0.693686,0.506107
frame_000368.jpg,resting,0,0.525206,0.712144,0.693686,0.506107
frame_000369.jpg,resting,0,0.525206,0.712144,0.693686,0.506107
frame_000370.jpg,resting,0,0.525206,0.712144,0.693686,0.506107
frame_000371.jpg,resting,0,0.525206,0.712144,0.693686,0.506107
frame_000372.jpg,resting,0,0.525206,0.712144,0.693686,0.506107
frame_000373.jpg,resting,0,0.525206,0.712144,0.693686,0.506107
frame_000374.jpg,resting,0,0.525206,0.712144,0.693686,0.506107
frame_000375.jpg,resting,0,0.525206,0.712144,0.693686,0.506107
frame_000376.jpg,resting,0,0.525206,0.712144,0.693686,0.506107
frame_000377.jpg,resting,0,0.525206,0.712144,0.693686,0.506107
frame_000378.jpg,resting,0,0.525206,0.712144,0.693686,0.506107
frame_000379.jpg,resting,0,0.525206,0.712144,0.693686,0.506107
frame_000380.jpg,resting,0,0.525206,0.712144,0.693686,0.506107
frame_000381.jpg,resting,0,0.525206,0.712144,0.693686,0.506107
frame_000382.jpg,resting,0,0.525206,0.712144,0.693686,0.506107
frame_000383.jpg,resting,0,0.525206,0.712144,0.693686,0.506107
frame_000384.jpg,resting,0,0.525206,0.712144,0.693686,0.506107
frame_000385.jpg,resting,0,0.525206,0.712144,0.693686,0.506107
frame_000386.jpg,resting,0,0.525206,0.712144,0.693686,0.506107
frame_000387.jpg,resting,0,0.525206,0.712144,0.693686,0.506107
frame_000388.jpg,resting,0,0.525206,0.712144,0.693686,0.506107
frame_000389.jpg,resting,0,0.525206,0.712144,0.693686,0.506107
frame_000390.jpg,resting,0,0.525206,0.712144,0.693686,0.506107
frame_000391.jpg,resting,0,0.525206,0.712144,0.693686,0.506107
frame_000392.jpg,resting,0,0.525206,0.712144,0.693686,0.506107
frame_000393.jpg,resting,0,0.525206,0.712144,0.693686,0.506107
frame_000394.jpg,resting,0,0.525206,0.712144,0.693686,0.506107
frame_000395.jpg,resting,0,0.525206,0.712144,0.693686,0.506107
frame_000396.jpg,resting,0,0.525206,0.712144,0.693686,0.506107
frame_000397.jpg,resting,0,0.525206,0.712144,0.693686,0.506107
frame_000398.jpg,resting,0,0.525206,0.712144,0.693686,0.506107
frame_000399.jpg,resting,0,0.525206,0.712144,0.693686,0.506107
frame_000400.jpg,resting,0,0.525206,0.712144,0.693686,0.506107
frame_000401.jpg,resting,0,0.525206,0.712144,0.693686,0.506107
frame_000402.jpg,resting,0,0.525206,0.712144,0.693686,0.506107
frame_000403.jpg,resting,0,0.525206,0.712144,0.693686,0.506107
frame_000404.jpg,resting,0,0.525206,0.712144,0.693686,0.506107
frame_000405.jpg,resting,0,0.525206,0.712144,0.693686,0.506107
frame_000406.jpg,resting,0,0.525206,0.712144,0.693686,0.506107
frame_000407.jpg,resting,0,0.525206,0.712144,0.693686,0.506107
frame_000408.jpg,resting,0,0.525206,0.712144,0.693686,0.506107
frame_000409.jpg,resting,0,0.525206,0.712144,0.693686,0.506107
frame_000410.jpg,resting,0,0.525206,0.712144,0.693686,0.506107
frame_000411.jpg,resting,0,0.525206,0.712144,0.693686,0.506107
frame_000412.jpg,resting,0,0.525206,0.712144,0.693686,0.506107
frame_000413.jpg,resting,0,0.525206,0.712144,0.693686,0.506107
frame_000414.jpg,resting,0,0.525206,0.712144,0.693686,0.506107
frame_000415.jpg,resting,0,0.525206,0.712144,0.693686,0.506107
frame_000416.jpg,resting,0,0.525206,0.712144,0.693686,0.506107
frame_000417.jpg,resting,0,0.525206,0.712144,0.693686,0.506107
frame_000418.jpg,resting,0,0.525206,0.712144,0.693686,0.506107
frame_000419.jpg,resting,0,0.525206,0.712144,0.693686,0.506107
frame_000420.jpg,resting,0,0.525206,0.712144,0.693686,0.506107
frame_000421.jpg,resting,0,0.525206,0.712144,0.693686,0.506107
frame_000422.jpg,resting,0,0.525206,0.712144,0.693686,0.506107
frame_000423.jpg,resting,0,0.525206,0.712144,0.693686,0.506107
frame_000424.jpg,resting,0,0.525206,0.712144,0.693686,0.506107
frame_000425.jpg,resting,0,0.525206,0.712144,0.693686,0.506107
frame_000426.jpg,resting,0,0.525206,0.712144,0.693686,0.506107
frame_000427.jpg,resting,0,0.525206,0.712144,0.693686,0.506107
frame_000428.jpg,resting,0,0.525206,0.712144,0.693686,0.506107
frame_000429.jpg,resting,0,0.525206,0.712144,0.693686,0.506107
frame_000430.jpg,resting,0,0.525206,0.712144,0.693686,0.506107
frame_000431.jpg,resting,0,0.525206,0.712144,0.693686,0.506107
frame_000432.jpg,resting,0,0.525206,0.712144,0.693686,0.506107
frame_000433.jpg,resting,0,0.525206,0.712144,0.693686,0.506107
frame_000434.jpg,resting,0,0.525206,0.712144,0.693686,0.506107
frame_000435.jpg,resting,0,0.525206,0.712144,0.693686,0.506107
frame_000436.jpg,resting,0,0.525206,0.712144,0.693686,0.506107
frame_000437.jpg,resting,0,0.525206,0.712144,0.693686,0.506107
frame_000438.jpg,resting,0,0.525206,0.712144,0.693686,0.506107
frame_000439.jpg,resting,0,0.525206,0.712144,0.693686,0.506107
frame_000440.jpg,resting,0,0.525206,0.712144,0.693686,0.506107
frame_000441.jpg,resting,0,0.525206,0.712144,0.693686,0.506107
frame_000442.jpg,resting,0,0.525206,0.712144,0.693686,0.506107
frame_000443.jpg,resting,0,0.525206,0.712144,0.693686,0.506107
frame_000444.jpg,resting,0,0.525206,0.712144,0.693686,0.506107
frame_000445.jpg,resting,0,0.525206,0.712144,0.693686,0.506107
frame_000446.jpg,resting,0,0.525206,0.712144,0.693686,0.506107
frame_000447.jpg,resting,0,0.525206,0.712144,0.693686,0.506107
frame_000448.jpg,resting,0,0.525206,0.712144,0.693686,0.506107
frame_000449.jpg,resting,0,0.525206,0.712144,0.693686,0.506107
frame_000450.jpg,resting,0,0.525206,0.712144,0.693686,0.506107
frame_000451.jpg,resting,0,0.525206,0.712144,0.693686,0.506107
frame_000452.jpg,resting,0,0.525206,0.712144,0.693686,0.506107
frame_000453.jpg,resting,0,0.525206,0.712144,0.693686,0.506107
frame_000454.jpg,resting,0,0.525206,0.712144,0.693686,0.506107
frame_000455.jpg,resting,0,0.525206,0.712144,0.693686,0.506107
frame_000456.jpg,resting,0,0.525206,0.712144,0.693686,0.506107
frame_000457.jpg,resting,0,0.525206,0.712144,0.693686,0.506107
frame_000458.jpg,resting,0,0.525206,0.712144,0.693686,0.506107
frame_000459.jpg,resting,0,0.525206,0.712144,0.693686,0.506107
frame_000460.jpg,resting,0,0.525206,0.712144,0.693686,0.506107
frame_000461.jpg,resting,0,0.525206,0.712144,0.693686,0.506107
frame_000462.jpg,resting,0,0.525206,0.712144,0.693686,0.506107
frame_000463.jpg,resting,0,0.525206,0.712144,0.693686,0.506107
frame_000464.jpg,resting,0,0.525206,0.712144,0.693686,0.506107
frame_000465.jpg,resting,0,0.525206,0.712144,0.693686,0.506107
frame_000466.jpg,resting,0,0.525206,0.712144,0.693686,0.506107
frame_000467.jpg,resting,0,0.525206,0.712144,0.693686,0.506107
frame_000468.jpg,resting,0,0.525206,0.712144,0.693686,0.506107
frame_000469.jpg,resting,0,0.525206,0.712144,0.693686,0.506107
frame_000470.jpg,resting,0,0.525206,0.712144,0.693686,0.506107
frame_000471.jpg,resting,0,0.525206,0.712144,0.693686,0.506107
frame_000472.jpg,resting,0,0.525206,0.712144,0.693686,0.506107
frame_000473.jpg,resting,0,0.525206,0.712144,0.693686,0.506107
frame_000474.jpg,resting,0,0.525206,0.712144,0.693686,0.506107
frame_000475.jpg,resting,0,0.525206,0.712144,0.693686,0.506107
frame_000476.jpg,resting,0,0.525206,0.712144,0.693686,0.506107
frame_000477.jpg,resting,0,0.525206,0.712144,0.693686,0.506107
frame_000478.jpg,resting,0,0.525206,0.712144,0.693686,0.506107
frame_000479.jpg,resting,0,0.525206,0.712144,0.693686,0.506107
frame_000480.jpg,resting,0,0.525206,0.712144,0.693686,0.506107
frame_000481.jpg,resting,0,0.525206,0.712144,0.693686,0.506107
frame_000482.jpg,resting,0,0.525206,0.712144,0.693686,0.506107
frame_000483.jpg,resting,0,0.525206,0.712144,0.693686,0.506107
frame_000484.jpg,resting,0,0.525206,0.712144,0.693686,0.506107
frame_000485.jpg,resting,0,0.525206,0.712144,0.693686,0.506107
frame_000486.jpg,resting,0,0.525206,0.712144,0.693686,0.506107
frame_000487.jpg,resting,0,0.525206,0.712144,0.693686,0.506107
frame_000488.jpg,resting,0,0.525206,0.712144,0.693686,0.506107
frame_000489.jpg,resting,0,0.525206,0.712144,0.693686,0.506107
frame_000490.jpg,resting,0,0.525206,0.712144,0.693686,0.506107
frame_000491.jpg,resting,0,0.525206,0.712144,0.693686,0.506107
frame_000492.jpg,resting,0,0.525206,0.712144,0.693686,0.506107
frame_000493.jpg,resting,0,0.525206,0.712144,0.693686,0.506107
frame_000494.jpg,resting,0,0.525206,0.712144,0.693686,0.506107
frame_000495.jpg,resting,0,0.525206,0.712144,0.693686,0.506107
frame_000496.jpg,resting,0,0.525206,0.712144,0.693686,0.506107
frame_000497.jpg,resting,0,0.525206,0.712144,0.693686,0.506107
frame_000498.jpg,resting,0,0.525206,0.712144,0.693686,0.506107
frame_000499.jpg,resting,0,0.525206,0.712144,0.693686,0.506107
frame_000500.jpg,resting,0,0.525206,0.712144,0.693686,0.506107
frame_000501.jpg,resting,0,0.525206,0.712144,0.693686,0.506107
frame_000502.jpg,resting,0,0.525206,0.712144,0.693686,0.506107
frame_000503.jpg,resting,0,0.525206,0.712144,0.693686,0.506107
frame_000504.jpg,resting,0,0.525206,0.712144,0.693686,0.506107
frame_000505.jpg,resting,0,0.525206,0.712144,0.693686,0.506107
frame_000506.jpg,resting,0,0.525206,0.712144,0.693686,0.506107
frame_000507.jpg,resting,0,0.525206,0.712144,0.693686,0.506107
frame_000508.jpg,resting,0,0.525206,0.712144,0.693686,0.506107
frame_000509.jpg,resting,0,0.525206,0.712144,0.693686,0.506107
frame_000510.jpg,resting,0,0.525206,0.712144,0.693686,0.506107
frame_000511.jpg,resting,0,0.525206,0.712144,0.693686,0.506107
frame_000512.jpg,resting,0,0.525206,0.712144,0.693686,0.506107
frame_000513.jpg,resting,0,0.525206,0.712144,0.693686,0.506107
frame_000514.jpg,resting,0,0.525206,0.712144,0.693686,0.506107
frame_000515.jpg,resting,0,0.525206,0.712144,0.693686,0.506107
frame_000516.jpg,resting,0,0.525206,0.712144,0.693686,0.506107
frame_000517.jpg,resting,0,0.525206,0.712144,0.693686,0.506107
frame_000518.jpg,resting,0,0.525206,0.712144,0.693686,0.506107
frame_000519.jpg,resting,0,0.525206,0.712144,0.693686,0.506107
frame_000520.jpg,resting,0,0.525206,0.712144,0.693686,0.506107
frame_000521.jpg,resting,0,0.525206,0.712144,0.693686,0.506107
frame_000522.jpg,resting,0,0.525206,0.712144,0.693686,0.506107
frame_000523.jpg,resting,0,0.525206,0.712144,0.693686,0.506107
frame_000524.jpg,resting,0,0.525206,0.712144,0.693686,0.506107
frame_000525.jpg,resting,0,0.525206,0.712144,0.693686,0.506107
frame_000526.jpg,resting,0,0.525206,0.712144,0.693686,0.506107
frame_000527.jpg,resting,0,0.525206,0.712144,0.693686,0.506107
frame_000528.jpg,resting,0,0.525206,0.712144,0.693686,0.506107
frame_000529.jpg,resting,0,0.525206,0.712144,0.693686,0.506107
frame_000530.jpg,resting,0,0.525206,0.712144,0.693686,0.506107
frame_000531.jpg,resting,0,0.525206,0.712144,0.693686,0.506107
